{"init_params": {"cat_dims": [10], "cat_emb_dim": [1], "cat_idxs": [0], "clip_value": 1, "device_name": "auto", "epsilon": 1e-15, "gamma": 1.6, "grouped_features": [], "input_dim": 62, "lambda_sparse": 3.55e-06, "mask_type": "entmax", "momentum": 0.02, "n_a": 36, "n_d": 36, "n_indep_decoder": 1, "n_independent": 2, "n_shared": 2, "n_shared_decoder": 1, "n_steps": 2, "optimizer_params": {"lr": 0.04}, "output_dim": 1, "scheduler_params": {"T_0": 200, "T_mult": 1, "eta_min": 0.0001, "last_epoch": -1, "verbose": false}, "seed": 0, "verbose": 10}, "class_attrs": {"preds_mapper": null}}